Material ID,Material Name,Material Type,Thickness (mm),Density (g/cm�),Flame Spread Index,Heat Release Rate (kW/m�),Smoke Density,Ignition Temperature (�C),Burn Rate (mm/min),Combustibility,Flame Retardant Treatment,Testing Standard,Pass/Fail - Flame Spread Index,Pass/Fail - Heat Release Rate,Pass/Fail - Smoke Density,Pass/Fail - Ignition Temperature,Pass/Fail - Burn Rate,Test Date,Test Laboratory
1,Nylon Fabric,Textile,0.5,1.2,25,100,0.5,300,2,High,Yes,ASTM E84,Pass,Pass,Pass,Pass,Pass,5/15/2023,ABC Testing Inc.
2,PVC Sheet,Plastic,1,1.5,30,150,0.8,400,3,Medium,No,ISO 11925,Fail,Fail,Pass,Fail,Fail,6/20/2023,XYZ Labs
3,Wood Panel,Wood,2.5,0.8,20,80,0.3,250,1.5,Low,No,ASTM D2898,Pass,Pass,Pass,Pass,Pass,4/10/2023,DEF Testing Co.
4,Cotton Fabric,Textile,0.3,1,15,90,0.4,280,1.8,Medium,Yes,ASTM E84,Pass,Pass,Pass,Pass,Pass,3/28/2023,UVW Testing Services
5,Polystyrene Foam,Foam,50,0.03,40,200,1.0,380,5.0,High,No,ISO 5660,Fail,Fail,Fail,Fail,Fail,7/5/2023,PQR Labs
6,Steel Plate,Metal,10,7.8,N/A,N/A,N/A,N/A,N/A,Low,No,N/A,N/A,N/A,N/A,N/A,N/A,2/15/2023,RST Safety Testing
7,Aluminum Sheet,Metal,5,2.7,N/A,N/A,N/A,N/A,N/A,Low,No,N/A,N/A,N/A,N/A,N/A,N/A,1/20/2023,LMN Testing Co.
8,Polyethylene,Plastic,2,0.92,35,180,0.6,420,4.0,High,No,ASTM D635,Fail,Fail,Pass,Fail,Fail,8/12/2023,OPQ Labs
9,Acrylic Panel,Plastic,3,1.19,22,120,0.7,350,3.5,Medium,Yes,ISO 11925,Pass,Pass,Pass,Pass,Pass,9/30/2023,XYZ Labs
10,Glass Wool,Insulation,50,0.03,15,60,0.2,250,0.5,Low,Yes,ASTM E136,Pass,Pass,Pass,Pass,Pass,10/25/2023,DEF Testing Co.
11,Carbon Fiber,Composite,1.5,1.75,25,140,0.5,380,2.0,Medium,No,ISO 5660,Pass,Pass,Pass,Pass,Pass,11/18/2023,UVW Testing Services
12,Fire-Retardant Plywood,Wood,5,0.7,20,85,0.3,300,1.2,Low,Yes,ASTM D2898,Pass,Pass,Pass,Pass,Pass,12/5/2023,ABC Testing Inc.
13,Polyester Film,Plastic,0.2,1.4,28,160,0.8,400,2.8,Medium,No,ISO 11925,Fail,Fail,Pass,Fail,Fail,1/15/2024,PQR Labs
14,Brass Plate,Metal,8,8.6,N/A,N/A,N/A,N/A,N/A,Low,No,N/A,N/A,N/A,N/A,N/A,N/A,2/20/2024,RST Safety Testing
15,Kevlar Fabric,Textile,0.8,1.44,20,95,0.4,320,1.6,Low,Yes,ASTM E84,Pass,Pass,Pass,Pass,Pass,3/10/2024,LMN Testing Co.
16,PVC Foam Board,Plastic,3,0.6,30,120,0.5,350,3.0,Medium,No,ISO 11925,Fail,Fail,Pass,Fail,Fail,4/2/2024,OPQ Labs
17,Aluminum Foil,Metal,0.02,2.7,N/A,N/A,N/A,N/A,N/A,Low,No,N/A,N/A,N/A,N/A,N/A,N/A,5/5/2024,XYZ Labs
18,Fiberglass Composite,Composite,2.5,1.8,18,110,0.6,380,2.5,Medium,Yes,ASTM E84,Pass,Pass,Pass,Pass,Pass,6/15/2024,DEF Testing Co.
19,Nomex Aramid Fabric,Textile,0.6,1.38,22,100,0.3,300,1.8,Low,Yes,ASTM D2898,Pass,Pass,Pass,Pass,Pass,7/20/2024,UVW Testing Services
20,HDPE Sheet,Plastic,4,0.95,32,170,0.7,400,4.5,High,No,ISO 11925,Fail,Fail,Pass,Fail,Fail,8/10/2024,ABC Testing Inc.
21,Marine Grade Plywood,Wood,10,0.8,25,90,0.2,280,1.0,Low,Yes,ASTM D3201,Pass,Pass,Pass,Pass,Pass,9/5/2024,PQR Labs
22,Carbon Fiber Reinforced Polymer,Composite,1,1.75,28,130,0.6,360,2.2,Medium,No,ISO 5660,Pass,Pass,Pass,Pass,Pass,10/18/2024,RST Safety Testing
23,Acoustic Foam,Foam,75,0.03,10,50,0.1,200,0.3,Low,Yes,ASTM E84,Pass,Pass,Pass,Pass,Pass,11/30/2024,LMN Testing Co.
24,Copper Plate,Metal,6,8.96,N/A,N/A,N/A,N/A,N/A,Low,No,N/A,N/A,N/A,N/A,N/A,N/A,12/15/2024,OPQ Labs
25,Fireproof Wool,Insulation,100,0.03,5,30,0.1,180,0.2,Low,Yes,ASTM E136,Pass,Pass,Pass,Pass,Pass,1/20/2025,XYZ Labs
26,Polypropylene Sheet,Plastic,1.5,0.91,38,200,0.8,420,5.0,High,No,ISO 11925,Fail,Fail,Pass,Fail,Fail,2/28/2025,DEF Testing Co.
27,Carbon Nanotube Composite,Composite,1.2,1.85,25,150,0.5,380,2.0,Medium,No,ISO 5660,Pass,Pass,Pass,Pass,Pass,3/10/2025,UVW Testing Services
28,Fire Retardant Cotton,Textile,0.4,1.1,18,85,0.3,280,1.5,Low,Yes,ASTM E84,Pass,Pass,Pass,Pass,Pass,4/5/2025,ABC Testing Inc.
29,PETG Sheet,Plastic,2.5,1.27,30,140,0.6,350,3.5,Medium,No,ISO 11925,Fail,Fail,Pass,Fail,Fail,5/15/2025,PQR Labs
30,Stainless Steel,Metal,4,7.9,N/A,N/A,N/A,N/A,N/A,Low,No,N/A,N/A,N/A,N/A,N/A,N/A,6/20/2025,RST Safety Testing
31,Silk Fabric,Textile,0.2,1.3,20,95,0.4,300,1.7,Low,Yes,ASTM D2898,Pass,Pass,Pass,Pass,Pass,7/10/2025,LMN Testing Co.
32,Polyester Resin,Plastic,1.8,1.1,35,180,0.7,380,4.0,High,No,ISO 11925,Fail,Fail,Pass,Fail,Fail,8/2/2025,OPQ Labs
33,Lead Sheet,Metal,3,11.3,N/A,N/A,N/A,N/A,N/A,Low,No,N/A,N/A,N/A,N/A,N/A,N/A,9/15/2025,XYZ Labs
34,Fire Blanket,Textile,1,1.2,15,80,0.2,280,0.8,Low,Yes,ASTM E84,Pass,Pass,Pass,Pass,Pass,10/10/2025,DEF Testing Co.
35,Acrylic Sheet,Plastic,3,1.19,25,130,0.6,360,2.5,Medium,No,ISO 11925,Pass,Pass,Pass,Pass,Pass,11/18/2025,UVW Testing Services
36,Rubber Foam,Foam,30,0.05,25,120,0.4,320,2.0,Medium,Yes,ASTM E84,Pass,Pass,Pass,Pass,Pass,12/5/2025,ABC Testing Inc.
37,Alloy Steel Plate,Metal,7,7.85,N/A,N/A,N/A,N/A,N/A,Low,No,N/A,N/A,N/A,N/A,N/A,N/A,1/20/2026,PQR Labs
38,Polyvinyl Butyral,Plastic,2,1.12,30,160,0.8,400,3.0,Medium,No,ISO 11925,Fail,Fail,Pass,Fail,Fail,2/15/2026,RST Safety Testing
39,Aramid Fiber Composite,Composite,1.2,1.7,22,110,0.5,380,1.8,Low,Yes,ASTM E84,Pass,Pass,Pass,Pass,Pass,3/10/2026,LMN Testing Co.
40,Fireproof Coating,Coating,0.5,1,10,70,0.1,250,0.5,Low,Yes,ASTM E84,Pass,Pass,Pass,Pass,Pass,4/2/2026,OPQ Labs
41,Titanium Plate,Metal,5,4.5,N/A,N/A,N/A,N/A,N/A,Low,No,N/A,N/A,N/A,N/A,N/A,N/A,5/5/2026,XYZ Labs
42,Phenolic Resin,Plastic,4,1.3,35,200,0.9,420,4.5,High,No,ISO 11925,Fail,Fail,Pass,Fail,Fail,6/15/2026,DEF Testing Co.
43,Kevlar Composite,Composite,1.5,1.6,28,130,0.6,360,2.2,Medium,No,ISO 5660,Pass,Pass,Pass,Pass,Pass,7/20/2026,UVW Testing Services
44,Fire-Retardant Paint,Paint,0.1,1.2,15,90,0.3,280,0.7,Low,Yes,ASTM E84,Pass,Pass,Pass,Pass,Pass,8/10/2026,ABC Testing Inc.
45,HDPE Pipe,Plastic,5,0.95,32,170,0.7,400,4.0,High,No,ISO 11925,Fail,Fail,Pass,Fail,Fail,9/5/2026,PQR Labs
46,Monel Alloy Plate,Metal,8,8.9,N/A,N/A,N/A,N/A,N/A,Low,No,N/A,N/A,N/A,N/A,N/A,N/A,10/18/2026,RST Safety Testing
47,Nomex Composite,Composite,2,1.7,25,120,0.5,380,2.0,Medium,No,ISO 5660,Pass,Pass,Pass,Pass,Pass,11/30/2026,LMN Testing Co.
48,Soundproof Foam,Foam,60,0.03,8,40,0.1,200,0.4,Low,Yes,ASTM E84,Pass,Pass,Pass,Pass,Pass,12/15/2026,OPQ Labs
49,Lead Plate,Metal,4,11.3,N/A,N/A,N/A,N/A,N/A,Low,No,N/A,N/A,N/A,N/A,N/A,N/A,1/20/2027,XYZ Labs
50,Fire-Resistant Fabric,Textile,0.3,1.1,18,85,0.3,280,1.5,Low,Yes,ASTM E84,Pass,Pass,Pass,Pass,Pass,2/28/2027,DEF Testing Co.
51,PET Sheet,Plastic,3,1.27,30,140,0.6,350,3.5,Medium,No,ISO 11925,Fail,Fail,Pass,Fail,Fail,3/10/2027,UVW Testing Services
52,Brass Sheet,Metal,3,8.6,N/A,N/A,N/A,N/A,N/A,Low,No,N/A,N/A,N/A,N/A,N/A,N/A,4/5/2027,ABC Testing Inc.
53,Aramid Fiber Fabric,Textile,0.4,1.38,22,100,0.3,300,1.8,Low,Yes,ASTM D2898,Pass,Pass,Pass,Pass,Pass,5/15/2027,PQR Labs
54,Polycarbonate Sheet,Plastic,2.5,1.2,35,180,0.7,380,4.0,High,No,ISO 11925,Fail,Fail,Pass,Fail,Fail,6/20/2027,RST Safety Testing
55,Inconel Alloy Plate,Metal,6,8.2,N/A,N/A,N/A,N/A,N/A,Low,No,N/A,N/A,N/A,N/A,N/A,N/A,7/10/2027,LMN Testing Co.
56,Flame-Retardant Wallpaper,Wallpaper,0.2,1,12,75,0.2,260,0.6,Low,Yes,ASTM E84,Pass,Pass,Pass,Pass,Pass,8/2/2027,OPQ Labs
57,PPS Sheet,Plastic,1.8,1.45,30,160,0.8,400,3.0,Medium,No,ISO 11925,Fail,Fail,Pass,Fail,Fail,9/5/2027,XYZ Labs
58,Titanium Alloy Plate,Metal,5,4.5,N/A,N/A,N/A,N/A,N/A,Low,No,N/A,N/A,N/A,N/A,N/A,N/A,10/18/2027,DEF Testing Co.
59,Carbon Fiber Fabric,Textile,0.5,1.7,25,130,0.5,360,2.5,Medium,No,ISO 5660,Pass,Pass,Pass,Pass,Pass,11/30/2027,UVW Testing Services
60,Fireproof Foam,Foam,50,0.03,10,50,0.1,200,0.3,Low,Yes,ASTM E84,Pass,Pass,Pass,Pass,Pass,12/15/2027,ABC Testing Inc.
61,Lead Brick,Metal,10,11.3,N/A,N/A,N/A,N/A,N/A,Low,No,N/A,N/A,N/A,N/A,N/A,N/A,1/20/2028,PQR Labs
62,Polyurethane Foam,Plastic,15,0.03,30,180,0.8,420,5.0,High,No,ISO 11925,Fail,Fail,Pass,Fail,Fail,2/28/2028,RST Safety Testing
63,FRP Composite,Composite,3,1.8,22,110,0.5,380,1.8,Low,Yes,ASTM E84,Pass,Pass,Pass,Pass,Pass,3/10/2028,LMN Testing Co.
64,Ceramic Fiber Insulation,Insulation,100,0.03,5,30,0.1,180,0.2,Low,Yes,ASTM E136,Pass,Pass,Pass,Pass,Pass,4/2/2028,OPQ Labs
65,Aluminum Composite Panel,Panel,4,2.7,25,120,0.6,350,2.8,Medium,No,ISO 11925,Pass,Pass,Pass,Pass,Pass,5/5/2028,XYZ Labs
66,Styrofoam,Plastic,2,0.03,35,190,0.9,400,4.2,High,No,ISO 5660,Fail,Fail,Fail,Fail,Fail,6/15/2028,DEF Testing Co.
67,Carbon Foam,Foam,40,0.03,12,60,0.2,250,0.5,Low,Yes,ASTM E84,Pass,Pass,Pass,Pass,Pass,7/20/2028,UVW Testing Services
68,Niobium Plate,Metal,8,8.57,N/A,N/A,N/A,N/A,N/A,Low,No,N/A,N/A,N/A,N/A,N/A,N/A,8/10/2028,ABC Testing Inc.
69,Fireproof Glass,Glass,10,2.5,20,100,0.4,300,1.0,Low,Yes,ASTM E84,Pass,Pass,Pass,Pass,Pass,9/5/2028,PQR Labs
70,Nylon Sheet,Plastic,2,1.15,30,150,0.7,380,3.5,Medium,No,ISO 11925,Fail,Fail,Pass,Fail,Fail,10/18/2028,RST Safety Testing
71,Copper Wire,Metal,0.5,8.96,N/A,N/A,N/A,N/A,N/A,Low,No,N/A,N/A,N/A,N/A,N/A,N/A,11/30/2028,LMN Testing Co.
72,Fire-Resistant Paper,Paper,0.1,0.7,15,80,0.2,280,0.8,Low,Yes,ASTM E84,Pass,Pass,Pass,Pass,Pass,12/15/2028,OPQ Labs
73,PEEK Sheet,Plastic,2.5,1.3,35,170,0.8,400,4.0,High,No,ISO 11925,Fail,Fail,Pass,Fail,Fail,1/20/2029,XYZ Labs
74,Aluminum Wire,Metal,1,2.7,N/A,N/A,N/A,N/A,N/A,Low,No,N/A,N/A,N/A,N/A,N/A,N/A,2/28/2029,DEF Testing Co.
75,Fireproof Concrete,Concrete,50,2.4,5,40,0.1,200,0.4,Low,Yes,ASTM E84,Pass,Pass,Pass,Pass,Pass,3/10/2029,UVW Testing Services
76,Teflon Sheet,Plastic,0.3,2.2,32,180,0.9,420,5.0,High,No,ISO 11925,Fail,Fail,Pass,Fail,Fail,4/2/2029,ABC Testing Inc.
77,Graphene Composite,Composite,1,1.9,20,100,0.4,300,1.5,Low,Yes,ASTM D2898,Pass,Pass,Pass,Pass,Pass,5/15/2029,PQR Labs
78,PVC Pipe,Plastic,6,1.4,28,160,0.7,380,3.0,Medium,No,ISO 11925,Fail,Fail,Pass,Fail,Fail,6/20/2029,RST Safety Testing
79,Hastelloy Plate,Metal,10,8.55,N/A,N/A,N/A,N/A,N/A,Low,No,N/A,N/A,N/A,N/A,N/A,N/A,7/10/2029,LMN Testing Co.
80,Fireproof Carpet,Textile,0.5,1,18,85,0.3,280,1.7,Low,Yes,ASTM E84,Pass,Pass,Pass,Pass,Pass,8/2/2029,OPQ Labs
81,PTFE Sheet,Plastic,2,2.2,30,160,0.8,400,3.5,Medium,No,ISO 11925,Fail,Fail,Pass,Fail,Fail,9/5/2029,XYZ Labs
82,Bronze Plate,Metal,3,8.8,N/A,N/A,N/A,N/A,N/A,Low,No,N/A,N/A,N/A,N/A,N/A,N/A,10/18/2029,DEF Testing Co.
83,Aramid Paper,Textile,0.2,1.4,25,120,0.6,380,2.0,Medium,No,ISO 5660,Pass,Pass,Pass,Pass,Pass,11/30/2029,UVW Testing Services
84,Fireproof Composite,Composite,2,1.75,28,130,0.5,360,2.2,Medium,No,ASTM E84,Pass,Pass,Pass,Pass,Pass,12/15/2029,ABC Testing Inc.
85,Lead Pipe,Metal,8,11.3,N/A,N/A,N/A,N/A,N/A,Low,No,N/A,N/A,N/A,N/A,N/A,N/A,1/20/2030,PQR Labs
86,Phenolic Foam,Foam,25,0.03,15,70,0.2,250,0.5,Low,Yes,ASTM E84,Pass,Pass,Pass,Pass,Pass,2/28/2030,RST Safety Testing
87,Ceramic Plate,Ceramic,5,3,18,100,0.4,300,1.2,Low,Yes,ASTM E84,Pass,Pass,Pass,Pass,Pass,3/10/2030,LMN Testing Co.
88,Nickel Sheet,Metal,2,8.9,N/A,N/A,N/A,N/A,N/A,Low,No,N/A,N/A,N/A,N/A,N/A,N/A,4/2/2030,OPQ Labs
89,Fireproof Varnish,Varnish,0.1,0.8,12,80,0.1,280,0.6,Low,Yes,ASTM E84,Pass,Pass,Pass,Pass,Pass,5/5/2030,XYZ Labs
90,PP Sheet,Plastic,1.5,0.9,30,150,0.7,380,3.5,Medium,No,ISO 11925,Fail,Fail,Pass,Fail,Fail,6/15/2030,DEF Testing Co.
91,Fireproof Gypsum Board,Board,12,1.2,25,90,0.3,280,1.0,Low,Yes,ASTM E84,Pass,Pass,Pass,Pass,Pass,7/20/2030,UVW Testing Services
92,PTFE Tape,Plastic,0.05,2.2,32,180,0.8,400,4.0,High,No,ISO 11925,Fail,Fail,Pass,Fail,Fail,8/10/2030,ABC Testing Inc.
93,Alloy 20 Plate,Metal,6,8.1,N/A,N/A,N/A,N/A,N/A,Low,No,N/A,N/A,N/A,N/A,N/A,N/A,9/5/2030,PQR Labs
94,Fireproof Sealant,Sealant,0.2,1.1,18,85,0.3,280,1.5,Low,Yes,ASTM E84,Pass,Pass,Pass,Pass,Pass,10/18/2030,RST Safety Testing
95,Phenolic Resin Foam,Foam,20,0.03,30,160,0.8,400,4.0,High,No,ISO 11925,Fail,Fail,Pass,Fail,Fail,11/30/2030,LMN Testing Co.
96,Titanium Wire,Metal,0.8,4.5,N/A,N/A,N/A,N/A,N/A,Low,No,N/A,N/A,N/A,N/A,N/A,N/A,12/15/2030,OPQ Labs
97,Fireproof Curtain,Textile,0.4,1,15,80,0.2,280,0.8,Low,Yes,ASTM E84,Pass,Pass,Pass,Pass,Pass,1/20/2031,XYZ Labs
98,UHMWPE Sheet,Plastic,3,0.94,32,170,0.7,400,3.5,Medium,No,ISO 11925,Fail,Fail,Pass,Fail,Fail,2/28/2031,DEF Testing Co.
99,Inconel Wire,Metal,1.5,8.2,N/A,N/A,N/A,N/A,N/A,Low,No,N/A,N/A,N/A,N/A,N/A,N/A,3/10/2031,UVW Testing Services
100,Fireproof Coating Spray,Coating,0.3,0.9,12,75,0.1,260,0.5,Low,Yes,ASTM E84,Pass,Pass,Pass,Pass,Pass,4/2/2031,ABC Testing Inc.
101,Carbon Steel Plate,Metal,4,7.85,N/A,N/A,N/A,N/A,N/A,Low,No,N/A,N/A,N/A,N/A,N/A,N/A,5/5/2031,PQR Labs
102,Fire-Resistant Cable,Cable,0.2,1.3,20,95,0.4,300,1.5,Low,Yes,ASTM D2898,Pass,Pass,Pass,Pass,Pass,6/15/2031,RST Safety Testing
103,Phenolic Sheet,Plastic,2,1.3,35,180,0.7,380,4.0,High,No,ISO 11925,Fail,Fail,Pass,Fail,Fail,7/20/2031,LMN Testing Co.
104,FRP Reinforced Plastic,Plastic,4,1.8,25,120,0.5,380,1.8,Low,Yes,ASTM E84,Pass,Pass,Pass,Pass,Pass,8/10/2031,OPQ Labs
105,Graphite Sheet,Metal,0.8,1.5,N/A,N/A,N/A,N/A,N/A,Low,No,N/A,N/A,N/A,N/A,N/A,N/A,9/5/2031,XYZ Labs
106,Fireproof Tarpaulin,Textile,0.1,1,15,80,0.2,280,0.6,Low,Yes,ASTM E84,Pass,Pass,Pass,Pass,Pass,10/18/2031,DEF Testing Co.
107,Nomex Fabric,Textile,0.3,1.4,22,100,0.3,300,1.8,Low,Yes,ASTM D2898,Pass,Pass,Pass,Pass,Pass,11/30/2031,UVW Testing Services
108,Tungsten Plate,Metal,8,19.3,N/A,N/A,N/A,N/A,N/A,Low,No,N/A,N/A,N/A,N/A,N/A,N/A,12/15/2031,ABC Testing Inc.
109,Fireproof Paint,Paint,0.2,1.2,18,90,0.3,280,0.7,Low,Yes,ASTM E84,Pass,Pass,Pass,Pass,Pass,1/20/2032,PQR Labs
110,Alumina Ceramic,Plastic,3.5,3.9,30,140,0.6,350,3.5,Medium,No,ISO 11925,Pass,Pass,Pass,Pass,Pass,2/28/2032,RST Safety Testing
111,Lead Brick,Metal,6,11.3,N/A,N/A,N/A,N/A,N/A,Low,No,N/A,N/A,N/A,N/A,N/A,N/A,3/10/2032,LMN Testing Co.
112,Fireproof Sleeving,Textile,0.05,1.1,15,85,0.3,280,1.0,Low,Yes,ASTM E84,Pass,Pass,Pass,Pass,Pass,4/2/2032,OPQ Labs
113,Aluminum Plate,Metal,5,2.7,N/A,N/A,N/A,N/A,N/A,Low,No,N/A,N/A,N/A,N/A,N/A,N/A,5/5/2032,XYZ Labs
114,Fire-Resistant Tape,Tape,0.05,1,18,85,0.3,280,0.8,Low,Yes,ASTM E84,Pass,Pass,Pass,Pass,Pass,6/15/2032,DEF Testing Co.
115,Inconel Pipe,Metal,3,8.2,N/A,N/A,N/A,N/A,N/A,Low,No,N/A,N/A,N/A,N/A,N/A,N/A,7/20/2032,UVW Testing Services
116,Fireproof Insulation,Insulation,50,0.04,8,45,0.1,200,0.3,Low,Yes,ASTM E84,Pass,Pass,Pass,Pass,Pass,8/10/2032,ABC Testing Inc.
117,Glass Wool,Insulation,20,0.05,12,60,0.2,250,0.5,Low,Yes,ASTM E84,Pass,Pass,Pass,Pass,Pass,9/5/2032,PQR Labs
118,Molybdenum Plate,Metal,9,10.2,N/A,N/A,N/A,N/A,N/A,Low,No,N/A,N/A,N/A,N/A,N/A,N/A,10/18/2032,RST Safety Testing
119,Fireproof Cement,Cement,25,2.8,5,35,0.1,180,0.2,Low,Yes,ASTM E84,Pass,Pass,Pass,Pass,Pass,11/30/2032,LMN Testing Co.
120,Nomex Paper,Textile,0.2,1.4,25,120,0.6,380,2.0,Medium,No,ISO 11925,Fail,Fail,Pass,Fail,Fail,12/15/2032,OPQ Labs
121,PTFE Plate,Plastic,2,2.2,30,160,0.8,400,3.5,Medium,No,ISO 11925,Fail,Fail,Pass,Fail,Fail,1/20/2033,XYZ Labs
122,Copper Plate,Metal,3,8.96,N/A,N/A,N/A,N/A,N/A,Low,No,N/A,N/A,N/A,N/A,N/A,N/A,2/28/2033,DEF Testing Co.
123,Fire-Resistant Coating,Coating,0.3,1,15,80,0.2,280,0.8,Low,Yes,ASTM E84,Pass,Pass,Pass,Pass,Pass,3/10/2033,UVW Testing Services
124,UHMWPE Fiber,Textile,0.05,0.97,18,80,0.2,280,0.7,Low,Yes,ASTM D2898,Pass,Pass,Pass,Pass,Pass,4/2/2033,ABC Testing Inc.
125,Fireproof Glue,Adhesive,0.1,0.8,12,80,0.1,280,0.6,Low,Yes,ASTM E84,Pass,Pass,Pass,Pass,Pass,5/5/2033,PQR Labs
126,Titanium Pipe,Metal,7,4.5,N/A,N/A,N/A,N/A,N/A,Low,No,N/A,N/A,N/A,N/A,N/A,N/A,6/15/2033,RST Safety Testing
127,Fire-Resistant Cable Sleeving,Cable,0.1,1,15,80,0.2,280,0.6,Low,Yes,ASTM E84,Pass,Pass,Pass,Pass,Pass,7/20/2033,LMN Testing Co.
128,Silica Fabric,Textile,0.5,2.6,22,110,0.5,380,1.8,Low,Yes,ASTM E84,Pass,Pass,Pass,Pass,Pass,8/10/2033,OPQ Labs
129,Graphite Plate,Metal,2,1.75,N/A,N/A,N/A,N/A,N/A,Low,No,N/A,N/A,N/A,N/A,N/A,N/A,9/5/2033,XYZ Labs
130,Fireproof Tape,Tape,0.05,1,18,85,0.3,280,0.7,Low,Yes,ASTM E84,Pass,Pass,Pass,Pass,Pass,10/18/2033,DEF Testing Co.
131,Nomex Sheet,Plastic,1.5,1.7,25,120,0.5,380,2.0,Medium,No,ISO 11925,Fail,Fail,Pass,Fail,Fail,11/30/2033,UVW Testing Services
132,Aluminum Composite Board,Board,6,2.7,25,120,0.6,350,2.8,Medium,No,ISO 11925,Pass,Pass,Pass,Pass,Pass,12/15/2033,ABC Testing Inc.
133,Hafnium Plate,Metal,5,13.3,N/A,N/A,N/A,N/A,N/A,Low,No,N/A,N/A,N/A,N/A,N/A,N/A,1/20/2034,PQR Labs
134,Fireproof Fabric,Textile,0.3,1.3,20,95,0.3,300,1.5,Low,Yes,ASTM E84,Pass,Pass,Pass,Pass,Pass,2/28/2034,RST Safety Testing
135,PTFE Coating,Coating,0.1,1.5,15,100,0.4,320,1.0,Low,Yes,ASTM E84,Pass,Pass,Pass,Pass,Pass,3/10/2034,LMN Testing Co.
136,UHMWPE Tape,Plastic,0.05,0.97,18,80,0.2,280,0.6,Low,Yes,ASTM E84,Pass,Pass,Pass,Pass,Pass,4/2/2034,OPQ Labs
137,Fireproof Paint Spray,Paint,0.2,1.1,18,85,0.3,280,0.7,Low,Yes,ASTM E84,Pass,Pass,Pass,Pass,Pass,5/5/2034,XYZ Labs
138,Carbon Fiber Plate,Metal,4,1.7,N/A,N/A,N/A,N/A,N/A,Low,No,N/A,N/A,N/A,N/A,N/A,N/A,6/15/2034,DEF Testing Co.
139,Silicone Sheet,Plastic,2,1.1,30,150,0.7,380,3.0,Medium,No,ISO 11925,Fail,Fail,Pass,Fail,Fail,7/20/2034,UVW Testing Services
140,Fire-Resistant Cloth,Cloth,0.2,1.2,18,85,0.3,280,1.0,Low,Yes,ASTM E84,Pass,Pass,Pass,Pass,Pass,8/10/2034,ABC Testing Inc.
141,Copper Wire Mesh,Metal,0.5,8.96,N/A,N/A,N/A,N/A,N/A,Low,No,N/A,N/A,N/A,N/A,N/A,N/A,9/5/2034,PQR Labs
142,Fireproof Rope,Rope,0.05,1,15,80,0.2,280,0.7,Low,Yes,ASTM E84,Pass,Pass,Pass,Pass,Pass,10/18/2034,RST Safety Testing
143,UHMWPE Fiber Sheet,Plastic,2,0.94,32,170,0.7,400,3.5,Medium,No,ISO 11925,Fail,Fail,Pass,Fail,Fail,11/30/2034,LMN Testing Co.
144,Titanium Plate,Metal,7,4.5,N/A,N/A,N/A,N/A,N/A,Low,No,N/A,N/A,N/A,N/A,N/A,N/A,12/15/2034,OPQ Labs
145,Fireproof Coating,Coating,0.3,0.9,12,75,0.1,260,0.5,Low,Yes,ASTM E84,Pass,Pass,Pass,Pass,Pass,1/20/2035,XYZ Labs
146,Alumina Plate,Metal,4,3.9,N/A,N/A,N/A,N/A,N/A,Low,No,N/A,N/A,N/A,N/A,N/A,N/A,2/28/2035,DEF Testing Co.
147,Silica Cloth,Textile,0.5,2.6,22,110,0.5,380,1.8,Low,Yes,ASTM E84,Pass,Pass,Pass,Pass,Pass,3/10/2035,UVW Testing Services
148,Fireproof Adhesive,Adhesive,0.1,0.8,12,80,0.1,280,0.6,Low,Yes,ASTM E84,Pass,Pass,Pass,Pass,Pass,4/2/2035,ABC Testing Inc.
149,Nomex Tape,Tape,0.05,1,18,85,0.3,280,0.7,Low,Yes,ASTM E84,Pass,Pass,Pass,Pass,Pass,5/5/2035,PQR Labs
150,Titanium Composite Board,Board,5,4.5,25,120,0.6,350,2.8,Medium,No,ISO 11925,Pass,Pass,Pass,Pass,Pass,6/15/2035,RST Safety Testing
151,Fire-Resistant Tape,Tape,0.05,1,18,85,0.3,280,0.8,Low,Yes,ASTM E84,Pass,Pass,Pass,Pass,Pass,7/20/2035,LMN Testing Co.
152,Carbon Fiber Sheet,Plastic,2,1.7,30,160,0.8,400,3.5,Medium,No,ISO 11925,Fail,Fail,Pass,Fail,Fail,8/10/2035,OPQ Labs
153,Graphene Plate,Metal,1,1.9,N/A,N/A,N/A,N/A,N/A,Low,No,N/A,N/A,N/A,N/A,N/A,N/A,9/5/2035,XYZ Labs
154,Fireproof Rope,Rope,0.05,1,15,80,0.2,280,0.7,Low,Yes,ASTM E84,Pass,Pass,Pass,Pass,Pass,10/18/2035,DEF Testing Co.
155,UHMWPE Fiber,Textile,0.05,0.97,18,80,0.2,280,0.6,Low,Yes,ASTM D2898,Pass,Pass,Pass,Pass,Pass,11/30/2035,UVW Testing Services
156,Fireproof Paint Spray,Paint,0.2,1.1,18,85,0.3,280,0.7,Low,Yes,ASTM E84,Pass,Pass,Pass,Pass,Pass,12/15/2035,ABC Testing Inc.
157,Ceramic Fiber,Insulation,10,0.14,10,50,0.2,240,0.4,Low,Yes,ASTM E84,Pass,Pass,Pass,Pass,Pass,1/20/2036,PQR Labs
158,Aluminum Foil,Material,0.01,2.7,35,170,0.8,400,4.0,High,No,ISO 11925,Fail,Fail,Pass,Fail,Fail,2/28/2036,RST Safety Testing
159,Fireproof Fabric,Textile,0.3,1.3,20,95,0.3,300,1.5,Low,Yes,ASTM E84,Pass,Pass,Pass,Pass,Pass,3/10/2036,LMN Testing Co.
160,Phenolic Resin Foam,Foam,20,0.03,30,160,0.8,400,4.0,High,No,ISO 11925,Fail,Fail,Pass,Fail,Fail,4/2/2036,OPQ Labs
161,Inconel Wire,Metal,1.5,8.2,N/A,N/A,N/A,N/A,N/A,Low,No,N/A,N/A,N/A,N/A,N/A,N/A,5/5/2036,XYZ Labs
162,Fireproof Cement,Cement,25,2.8,5,35,0.1,180,0.2,Low,Yes,ASTM E84,Pass,Pass,Pass,Pass,Pass,6/15/2036,DEF Testing Co.
163,PTFE Sheet,Plastic,2,2.2,30,160,0.8,400,3.5,Medium,No,ISO 11925,Fail,Fail,Pass,Fail,Fail,7/20/2036,UVW Testing Services
164,Titanium Plate,Metal,7,4.5,N/A,N/A,N/A,N/A,N/A,Low,No,N/A,N/A,N/A,N/A,N/A,N/A,8/10/2036,ABC Testing Inc.
165,Fireproof Tape,Tape,0.05,1,18,85,0.3,280,0.7,Low,Yes,ASTM E84,Pass,Pass,Pass,Pass,Pass,9/5/2036,PQR Labs
166,Silicone Sheet,Plastic,2,1.1,30,150,0.7,380,3.0,Medium,No,ISO 11925,Fail,Fail,Pass,Fail,Fail,10/18/2036,RST Safety Testing
167,Graphite Plate,Metal,2,1.75,N/A,N/A,N/A,N/A,N/A,Low,No,N/A,N/A,N/A,N/A,N/A,N/A,11/30/2036,LMN Testing Co.
168,Fireproof Coating,Coating,0.3,0.9,12,75,0.1,260,0.5,Low,Yes,ASTM E84,Pass,Pass,Pass,Pass,Pass,12/15/2036,OPQ Labs
169,Alumina Plate,Metal,4,3.9,N/A,N/A,N/A,N/A,N/A,Low,No,N/A,N/A,N/A,N/A,N/A,N/A,1/20/2037,XYZ Labs
170,Silica Cloth,Textile,0.5,2.6,22,110,0.5,380,1.8,Low,Yes,ASTM E84,Pass,Pass,Pass,Pass,Pass,2/28/2037,DEF Testing Co.
171,Fireproof Adhesive,Adhesive,0.1,0.8,12,80,0.1,280,0.6,Low,Yes,ASTM E84,Pass,Pass,Pass,Pass,Pass,3/10/2037,UVW Testing Services
172,Nomex Tape,Tape,0.05,1,18,85,0.3,280,0.7,Low,Yes,ASTM E84,Pass,Pass,Pass,Pass,Pass,4/2/2037,ABC Testing Inc.
173,Titanium Composite Board,Board,5,4.5,25,120,0.6,350,2.8,Medium,No,ISO 11925,Pass,Pass,Pass,Pass,Pass,5/5/2037,PQR Labs
174,Hafnium Plate,Metal,5,13.3,N/A,N/A,N/A,N/A,N/A,Low,No,N/A,N/A,N/A,N/A,N/A,N/A,6/15/2037,RST Safety Testing
175,Fire-Resistant Cloth,Cloth,0.2,1.2,18,85,0.3,280,1.0,Low,Yes,ASTM E84,Pass,Pass,Pass,Pass,Pass,7/20/2037,LMN Testing Co.
176,Phenolic Sheet,Plastic,2,1.3,35,180,0.7,380,4.0,High,No,ISO 11925,Fail,Fail,Pass,Fail,Fail,8/10/2037,OPQ Labs
177,Graphene Plate,Metal,1,1.9,N/A,N/A,N/A,N/A,N/A,Low,No,N/A,N/A,N/A,N/A,N/A,N/A,9/5/2037,XYZ Labs
178,Fireproof Rope,Rope,0.05,1,15,80,0.2,280,0.7,Low,Yes,ASTM E84,Pass,Pass,Pass,Pass,Pass,10/18/2037,DEF Testing Co.
179,UHMWPE Fiber,Textile,0.05,0.97,18,80,0.2,280,0.6,Low,Yes,ASTM D2898,Pass,Pass,Pass,Pass,Pass,11/30/2037,UVW Testing Services
180,Fireproof Paint Spray,Paint,0.2,1.1,18,85,0.3,280,0.7,Low,Yes,ASTM E84,Pass,Pass,Pass,Pass,Pass,12/15/2037,ABC Testing Inc.
181,Ceramic Fiber,Insulation,10,0.14,10,50,0.2,240,0.4,Low,Yes,ASTM E84,Pass,Pass,Pass,Pass,Pass,1/20/2038,PQR Labs
182,Aluminum Foil,Material,0.01,2.7,35,170,0.8,400,4.0,High,No,ISO 11925,Fail,Fail,Pass,Fail,Fail,2/28/2038,RST Safety Testing
183,Fireproof Fabric,Textile,0.3,1.3,20,95,0.3,300,1.5,Low,Yes,ASTM E84,Pass,Pass,Pass,Pass,Pass,3/10/2038,LMN Testing Co.
184,Phenolic Resin Foam,Foam,20,0.03,30,160,0.8,400,4.0,High,No,ISO 11925,Fail,Fail,Pass,Fail,Fail,4/2/2038,OPQ Labs
185,Inconel Wire,Metal,1.5,8.2,N/A,N/A,N/A,N/A,N/A,Low,No,N/A,N/A,N/A,N/A,N/A,N/A,5/5/2038,XYZ Labs
186,Fireproof Cement,Cement,25,2.8,5,35,0.1,180,0.2,Low,Yes,ASTM E84,Pass,Pass,Pass,Pass,Pass,6/15/2038,DEF Testing Co.
187,PTFE Sheet,Plastic,2,2.2,30,160,0.8,400,3.5,Medium,No,ISO 11925,Fail,Fail,Pass,Fail,Fail,7/20/2038,UVW Testing Services
188,Titanium Plate,Metal,7,4.5,N/A,N/A,N/A,N/A,N/A,Low,No,N/A,N/A,N/A,N/A,N/A,N/A,8/10/2038,ABC Testing Inc.
189,Fireproof Tape,Tape,0.05,1,18,85,0.3,280,0.7,Low,Yes,ASTM E84,Pass,Pass,Pass,Pass,Pass,9/5/2038,PQR Labs
190,Silicone Sheet,Plastic,2,1.1,30,150,0.7,380,3.0,Medium,No,ISO 11925,Fail,Fail,Pass,Fail,Fail,10/18/2038,RST Safety Testing
191,Graphite Plate,Metal,2,1.75,N/A,N/A,N/A,N/A,N/A,Low,No,N/A,N/A,N/A,N/A,N/A,N/A,11/30/2038,LMN Testing Co.
192,Fireproof Coating,Coating,0.3,0.9,12,75,0.1,260,0.5,Low,Yes,ASTM E84,Pass,Pass,Pass,Pass,Pass,12/15/2038,OPQ Labs
193,Alumina Plate,Metal,4,3.9,N/A,N/A,N/A,N/A,N/A,Low,No,N/A,N/A,N/A,N/A,N/A,N/A,1/20/2039,XYZ Labs
194,Silica Cloth,Textile,0.5,2.6,22,110,0.5,380,1.8,Low,Yes,ASTM E84,Pass,Pass,Pass,Pass,Pass,2/28/2039,DEF Testing Co.
195,Fireproof Adhesive,Adhesive,0.1,0.8,12,80,0.1,280,0.6,Low,Yes,ASTM E84,Pass,Pass,Pass,Pass,Pass,3/10/2039,UVW Testing Services
196,Nomex Tape,Tape,0.05,1,18,85,0.3,280,0.7,Low,Yes,ASTM E84,Pass,Pass,Pass,Pass,Pass,4/2/2039,ABC Testing Inc.
197,Titanium Composite Board,Board,5,4.5,25,120,0.6,350,2.8,Medium,No,ISO 11925,Pass,Pass,Pass,Pass,Pass,5/5/2039,PQR Labs
198,Hafnium Plate,Metal,5,13.3,N/A,N/A,N/A,N/A,N/A,Low,No,N/A,N/A,N/A,N/A,N/A,N/A,6/15/2039,RST Safety Testing
199,Fire-Resistant Cloth,Cloth,0.2,1.2,18,85,0.3,280,1.0,Low,Yes,ASTM E84,Pass,Pass,Pass,Pass,Pass,7/20/2039,LMN Testing Co.
200,Phenolic Sheet,Plastic,2,1.3,35,180,0.7,380,4.0,High,No,ISO 11925,Fail,Fail,Pass,Fail,Fail,8/10/2039,OPQ Labs
201,Graphene Plate,Metal,1,1.9,N/A,N/A,N/A,N/A,N/A,Low,No,N/A,N/A,N/A,N/A,N/A,N/A,9/5/2039,XYZ Labs
202,Fireproof Rope,Rope,0.05,1,15,80,0.2,280,0.7,Low,Yes,ASTM E84,Pass,Pass,Pass,Pass,Pass,10/18/2039,DEF Testing Co.
203,UHMWPE Fiber,Textile,0.05,0.97,18,80,0.2,280,0.6,Low,Yes,ASTM D2898,Pass,Pass,Pass,Pass,Pass,11/30/2039,UVW Testing Services
204,Fireproof Paint Spray,Paint,0.2,1.1,18,85,0.3,280,0.7,Low,Yes,ASTM E84,Pass,Pass,Pass,Pass,Pass,12/15/2039,ABC Testing Inc.
205,Ceramic Fiber,Insulation,10,0.14,10,50,0.2,240,0.4,Low,Yes,ASTM E84,Pass,Pass,Pass,Pass,Pass,1/20/2040,PQR Labs
206,Aluminum Foil,Material,0.01,2.7,35,170,0.8,400,4.0,High,No,ISO 11925,Fail,Fail,Pass,Fail,Fail,2/28/2040,RST Safety Testing
207,Fireproof Fabric,Textile,0.3,1.3,20,95,0.3,300,1.5,Low,Yes,ASTM E84,Pass,Pass,Pass,Pass,Pass,3/10/2040,LMN Testing Co.
208,Phenolic Resin Foam,Foam,20,0.03,30,160,0.8,400,4.0,High,No,ISO 11925,Fail,Fail,Pass,Fail,Fail,4/2/2040,OPQ Labs
209,Inconel Wire,Metal,1.5,8.2,N/A,N/A,N/A,N/A,N/A,Low,No,N/A,N/A,N/A,N/A,N/A,N/A,5/5/2040,XYZ Labs
210,Fireproof Cement,Cement,25,2.8,5,35,0.1,180,0.2,Low,Yes,ASTM E84,Pass,Pass,Pass,Pass,Pass,6/15/2040,DEF Testing Co.
211,PTFE Sheet,Plastic,2,2.2,30,160,0.8,400,3.5,Medium,No,ISO 11925,Fail,Fail,Pass,Fail,Fail,7/20/2040,UVW Testing Services
212,Titanium Plate,Metal,7,4.5,N/A,N/A,N/A,N/A,N/A,Low,No,N/A,N/A,N/A,N/A,N/A,N/A,8/10/2040,ABC Testing Inc.
213,Fireproof Tape,Tape,0.05,1,18,85,0.3,280,0.7,Low,Yes,ASTM E84,Pass,Pass,Pass,Pass,Pass,9/5/2040,PQR Labs
214,Silicone Sheet,Plastic,2,1.1,30,150,0.7,380,3.0,Medium,No,ISO 11925,Fail,Fail,Pass,Fail,Fail,10/18/2040,RST Safety Testing
215,Graphite Plate,Metal,2,1.75,N/A,N/A,N/A,N/A,N/A,Low,No,N/A,N/A,N/A,N/A,N/A,N/A,11/30/2040,LMN Testing Co.
216,Fireproof Coating,Coating,0.3,0.9,12,75,0.1,260,0.5,Low,Yes,ASTM E84,Pass,Pass,Pass,Pass,Pass,12/15/2040,OPQ Labs
217,Alumina Plate,Metal,4,3.9,N/A,N/A,N/A,N/A,N/A,Low,No,N/A,N/A,N/A,N/A,N/A,N/A,1/20/2041,XYZ Labs
218,Silica Cloth,Textile,0.5,2.6,22,110,0.5,380,1.8,Low,Yes,ASTM E84,Pass,Pass,Pass,Pass,Pass,2/28/2041,DEF Testing Co.
219,Fireproof Adhesive,Adhesive,0.1,0.8,12,80,0.1,280,0.6,Low,Yes,ASTM E84,Pass,Pass,Pass,Pass,Pass,3/10/2041,UVW Testing Services
220,Nomex Tape,Tape,0.05,1,18,85,0.3,280,0.7,Low,Yes,ASTM E84,Pass,Pass,Pass,Pass,Pass,4/2/2041,ABC Testing Inc.
221,Titanium Composite Board,Board,5,4.5,25,120,0.6,350,2.8,Medium,No,ISO 11925,Pass,Pass,Pass,Pass,Pass,5/5/2041,PQR Labs
222,Hafnium Plate,Metal,5,13.3,N/A,N/A,N/A,N/A,N/A,Low,No,N/A,N/A,N/A,N/A,N/A,N/A,6/15/2041,RST Safety Testing
223,Fire-Resistant Cloth,Cloth,0.2,1.2,18,85,0.3,280,1.0,Low,Yes,ASTM E84,Pass,Pass,Pass,Pass,Pass,7/20/2041,LMN Testing Co.
224,Phenolic Sheet,Plastic,2,1.3,35,180,0.7,380,4.0,High,No,ISO 11925,Fail,Fail,Pass,Fail,Fail,8/10/2041,OPQ Labs
225,Graphene Plate,Metal,1,1.9,N/A,N/A,N/A,N/A,N/A,Low,No,N/A,N/A,N/A,N/A,N/A,N/A,9/5/2041,XYZ Labs
226,Fireproof Rope,Rope,0.05,1,15,80,0.2,280,0.7,Low,Yes,ASTM E84,Pass,Pass,Pass,Pass,Pass,10/18/2041,DEF Testing Co.
227,UHMWPE Fiber,Textile,0.05,0.97,18,80,0.2,280,0.6,Low,Yes,ASTM D2898,Pass,Pass,Pass,Pass,Pass,11/30/2041,UVW Testing Services
228,Fireproof Paint Spray,Paint,0.2,1.1,18,85,0.3,280,0.7,Low,Yes,ASTM E84,Pass,Pass,Pass,Pass,Pass,12/15/2041,ABC Testing Inc.
229,Ceramic Fiber,Insulation,10,0.14,10,50,0.2,240,0.4,Low,Yes,ASTM E84,Pass,Pass,Pass,Pass,Pass,1/20/2042,PQR Labs
230,Aluminum Foil,Material,0.01,2.7,35,170,0.8,400,4.0,High,No,ISO 11925,Fail,Fail,Pass,Fail,Fail,2/28/2042,RST Safety Testing
231,Fireproof Fabric,Textile,0.3,1.3,20,95,0.3,300,1.5,Low,Yes,ASTM E84,Pass,Pass,Pass,Pass,Pass,3/10/2042,LMN Testing Co.
232,Phenolic Resin Foam,Foam,20,0.03,30,160,0.8,400,4.0,High,No,ISO 11925,Fail,Fail,Pass,Fail,Fail,4/2/2042,OPQ Labs
233,Inconel Wire,Metal,1.5,8.2,N/A,N/A,N/A,N/A,N/A,Low,No,N/A,N/A,N/A,N/A,N/A,N/A,5/5/2042,XYZ Labs
234,Fireproof Cement,Cement,25,2.8,5,35,0.1,180,0.2,Low,Yes,ASTM E84,Pass,Pass,Pass,Pass,Pass,6/15/2042,DEF Testing Co.
235,PTFE Sheet,Plastic,2,2.2,30,160,0.8,400,3.5,Medium,No,ISO 11925,Fail,Fail,Pass,Fail,Fail,7/20/2042,UVW Testing Services
236,Titanium Plate,Metal,7,4.5,N/A,N/A,N/A,N/A,N/A,Low,No,N/A,N/A,N/A,N/A,N/A,N/A,8/10/2042,ABC Testing Inc.
237,Fireproof Tape,Tape,0.05,1,18,85,0.3,280,0.7,Low,Yes,ASTM E84,Pass,Pass,Pass,Pass,Pass,9/5/2042,PQR Labs
238,Silicone Sheet,Plastic,2,1.1,30,150,0.7,380,3.0,Medium,No,ISO 11925,Fail,Fail,Pass,Fail,Fail,10/18/2042,RST Safety Testing
239,Graphite Plate,Metal,2,1.75,N/A,N/A,N/A,N/A,N/A,Low,No,N/A,N/A,N/A,N/A,N/A,N/A,11/30/2042,LMN Testing Co.
240,Fireproof Coating,Coating,0.3,0.9,12,75,0.1,260,0.5,Low,Yes,ASTM E84,Pass,Pass,Pass,Pass,Pass,12/15/2042,OPQ Labs
241,Alumina Plate,Metal,4,3.9,N/A,N/A,N/A,N/A,N/A,Low,No,N/A,N/A,N/A,N/A,N/A,N/A,1/20/2043,XYZ Labs
242,Silica Cloth,Textile,0.5,2.6,22,110,0.5,380,1.8,Low,Yes,ASTM E84,Pass,Pass,Pass,Pass,Pass,2/28/2043,DEF Testing Co.
243,Fireproof Adhesive,Adhesive,0.1,0.8,12,80,0.1,280,0.6,Low,Yes,ASTM E84,Pass,Pass,Pass,Pass,Pass,3/10/2043,UVW Testing Services
244,Nomex Tape,Tape,0.05,1,18,85,0.3,280,0.7,Low,Yes,ASTM E84,Pass,Pass,Pass,Pass,Pass,4/2/2043,ABC Testing Inc.
245,Titanium Composite Board,Board,5,4.5,25,120,0.6,350,2.8,Medium,No,ISO 11925,Pass,Pass,Pass,Pass,Pass,5/5/2043,PQR Labs
246,Hafnium Plate,Metal,5,13.3,N/A,N/A,N/A,N/A,N/A,Low,No,N/A,N/A,N/A,N/A,N/A,N/A,6/15/2043,RST Safety Testing
247,Fire-Resistant Cloth,Cloth,0.2,1.2,18,85,0.3,280,1.0,Low,Yes,ASTM E84,Pass,Pass,Pass,Pass,Pass,7/20/2043,LMN Testing Co.
248,Phenolic Sheet,Plastic,2,1.3,35,180,0.7,380,4.0,High,No,ISO 11925,Fail,Fail,Pass,Fail,Fail,8/10/2043,OPQ Labs
249,Graphene Plate,Metal,1,1.9,N/A,N/A,N/A,N/A,N/A,Low,No,N/A,N/A,N/A,N/A,N/A,N/A,9/5/2043,XYZ Labs
250,Fireproof Rope,Rope,0.05,1,15,80,0.2,280,0.7,Low,Yes,ASTM E84,Pass,Pass,Pass,Pass,Pass,10/18/2043,DEF Testing Co.
251,UHMWPE Fiber,Textile,0.05,0.97,18,80,0.2,280,0.6,Low,Yes,ASTM D2898,Pass,Pass,Pass,Pass,Pass,11/30/2043,UVW Testing Services
252,Fireproof Paint Spray,Paint,0.2,1.1,18,85,0.3,280,0.7,Low,Yes,ASTM E84,Pass,Pass,Pass,Pass,Pass,12/15/2043,ABC Testing Inc.
253,Ceramic Fiber,Insulation,10,0.14,10,50,0.2,240,0.4,Low,Yes,ASTM E84,Pass,Pass,Pass,Pass,Pass,1/20/2044,PQR Labs
254,Aluminum Foil,Material,0.01,2.7,35,170,0.8,400,4.0,High,No,ISO 11925,Fail,Fail,Pass,Fail,Fail,2/28/2044,RST Safety Testing
255,Fireproof Fabric,Textile,0.3,1.3,20,95,0.3,300,1.5,Low,Yes,ASTM E84,Pass,Pass,Pass,Pass,Pass,3/10/2044,LMN Testing Co.
256,Phenolic Resin Foam,Foam,20,0.03,30,160,0.8,400,4.0,High,No,ISO 11925,Fail,Fail,Pass,Fail,Fail,4/2/2044,OPQ Labs
257,Inconel Wire,Metal,1.5,8.2,N/A,N/A,N/A,N/A,N/A,Low,No,N/A,N/A,N/A,N/A,N/A,N/A,5/5/2044,XYZ Labs
258,Fireproof Cement,Cement,25,2.8,5,35,0.1,180,0.2,Low,Yes,ASTM E84,Pass,Pass,Pass,Pass,Pass,6/15/2044,DEF Testing Co.
259,PTFE Sheet,Plastic,2,2.2,30,160,0.8,400,3.5,Medium,No,ISO 11925,Fail,Fail,Pass,Fail,Fail,7/20/2044,UVW Testing Services
260,Titanium Plate,Metal,7,4.5,N/A,N/A,N/A,N/A,N/A,Low,No,N/A,N/A,N/A,N/A,N/A,N/A,8/10/2044,ABC Testing Inc.
261,Fireproof Tape,Tape,0.05,1,18,85,0.3,280,0.7,Low,Yes,ASTM E84,Pass,Pass,Pass,Pass,Pass,9/5/2044,PQR Labs
262,Silicone Sheet,Plastic,2,1.1,30,150,0.7,380,3.0,Medium,No,ISO 11925,Fail,Fail,Pass,Fail,Fail,10/18/2044,RST Safety Testing
263,Graphite Plate,Metal,2,1.75,N/A,N/A,N/A,N/A,N/A,Low,No,N/A,N/A,N/A,N/A,N/A,N/A,11/30/2044,LMN Testing Co.
264,Fireproof Coating,Coating,0.3,0.9,12,75,0.1,260,0.5,Low,Yes,ASTM E84,Pass,Pass,Pass,Pass,Pass,12/15/2044,OPQ Labs
265,Alumina Plate,Metal,4,3.9,N/A,N/A,N/A,N/A,N/A,Low,No,N/A,N/A,N/A,N/A,N/A,N/A,1/20/2045,XYZ Labs
266,Silica Cloth,Textile,0.5,2.6,22,110,0.5,380,1.8,Low,Yes,ASTM E84,Pass,Pass,Pass,Pass,Pass,2/28/2045,DEF Testing Co.
267,Fireproof Adhesive,Adhesive,0.1,0.8,12,80,0.1,280,0.6,Low,Yes,ASTM E84,Pass,Pass,Pass,Pass,Pass,3/10/2045,UVW Testing Services
268,Nomex Tape,Tape,0.05,1,18,85,0.3,280,0.7,Low,Yes,ASTM E84,Pass,Pass,Pass,Pass,Pass,4/2/2045,ABC Testing Inc.
269,Titanium Composite Board,Board,5,4.5,25,120,0.6,350,2.8,Medium,No,ISO 11925,Pass,Pass,Pass,Pass,Pass,5/5/2045,PQR Labs
270,Hafnium Plate,Metal,5,13.3,N/A,N/A,N/A,N/A,N/A,Low,No,N/A,N/A,N/A,N/A,N/A,N/A,6/15/2045,RST Safety Testing
271,Fire-Resistant Cloth,Cloth,0.2,1.2,18,85,0.3,280,1.0,Low,Yes,ASTM E84,Pass,Pass,Pass,Pass,Pass,7/20/2045,LMN Testing Co.
272,Phenolic Sheet,Plastic,2,1.3,35,180,0.7,380,4.0,High,No,ISO 11925,Fail,Fail,Pass,Fail,Fail,8/10/2045,OPQ Labs
273,Graphene Plate,Metal,1,1.9,N/A,N/A,N/A,N/A,N/A,Low,No,N/A,N/A,N/A,N/A,N/A,N/A,9/5/2045,XYZ Labs
274,Fireproof Rope,Rope,0.05,1,15,80,0.2,280,0.7,Low,Yes,ASTM E84,Pass,Pass,Pass,Pass,Pass,10/18/2045,DEF Testing Co.
275,UHMWPE Fiber,Textile,0.05,0.97,18,80,0.2,280,0.6,Low,Yes,ASTM D2898,Pass,Pass,Pass,Pass,Pass,11/30/2045,UVW Testing Services
276,Fireproof Paint Spray,Paint,0.2,1.1,18,85,0.3,280,0.7,Low,Yes,ASTM E84,Pass,Pass,Pass,Pass,Pass,12/15/2045,ABC Testing Inc.
277,Ceramic Fiber,Insulation,10,0.14,10,50,0.2,240,0.4,Low,Yes,ASTM E84,Pass,Pass,Pass,Pass,Pass,1/20/2046,PQR Labs
278,Aluminum Foil,Material,0.01,2.7,35,170,0.8,400,4.0,High,No,ISO 11925,Fail,Fail,Pass,Fail,Fail,2/28/2046,RST Safety Testing
279,Fireproof Fabric,Textile,0.3,1.3,20,95,0.3,300,1.5,Low,Yes,ASTM E84,Pass,Pass,Pass,Pass,Pass,3/10/2046,LMN Testing Co.
280,Phenolic Resin Foam,Foam,20,0.03,30,160,0.8,400,4.0,High,No,ISO 11925,Fail,Fail,Pass,Fail,Fail,4/2/2046,OPQ Labs
281,Inconel Wire,Metal,1.5,8.2,N/A,N/A,N/A,N/A,N/A,Low,No,N/A,N/A,N/A,N/A,N/A,N/A,5/5/2046,XYZ Labs
282,Fireproof Cement,Cement,25,2.8,5,35,0.1,180,0.2,Low,Yes,ASTM E84,Pass,Pass,Pass,Pass,Pass,6/15/2046,DEF Testing Co.
283,PTFE Sheet,Plastic,2,2.2,30,160,0.8,400,3.5,Medium,No,ISO 11925,Fail,Fail,Pass,Fail,Fail,7/20/2046,UVW Testing Services
284,Titanium Plate,Metal,7,4.5,N/A,N/A,N/A,N/A,N/A,Low,No,N/A,N/A,N/A,N/A,N/A,N/A,8/10/2046,ABC Testing Inc.
285,Fireproof Tape,Tape,0.05,1,18,85,0.3,280,0.7,Low,Yes,ASTM E84,Pass,Pass,Pass,Pass,Pass,9/5/2046,PQR Labs
286,Silicone Sheet,Plastic,2,1.1,30,150,0.7,380,3.0,Medium,No,ISO 11925,Fail,Fail,Pass,Fail,Fail,10/18/2046,RST Safety Testing
287,Graphite Plate,Metal,2,1.75,N/A,N/A,N/A,N/A,N/A,Low,No,N/A,N/A,N/A,N/A,N/A,N/A,11/30/2046,LMN Testing Co.
288,Fireproof Coating,Coating,0.3,0.9,12,75,0.1,260,0.5,Low,Yes,ASTM E84,Pass,Pass,Pass,Pass,Pass,12/15/2046,OPQ Labs
289,Alumina Plate,Metal,4,3.9,N/A,N/A,N/A,N/A,N/A,Low,No,N/A,N/A,N/A,N/A,N/A,N/A,1/20/2047,XYZ Labs
290,Silica Cloth,Textile,0.5,2.6,22,110,0.5,380,1.8,Low,Yes,ASTM E84,Pass,Pass,Pass,Pass,Pass,2/28/2047,DEF Testing Co.
291,Fireproof Adhesive,Adhesive,0.1,0.8,12,80,0.1,280,0.6,Low,Yes,ASTM E84,Pass,Pass,Pass,Pass,Pass,3/10/2047,UVW Testing Services
292,Nomex Tape,Tape,0.05,1,18,85,0.3,280,0.7,Low,Yes,ASTM E84,Pass,Pass,Pass,Pass,Pass,4/2/2047,ABC Testing Inc.
293,Titanium Composite Board,Board,5,4.5,25,120,0.6,350,2.8,Medium,No,ISO 11925,Pass,Pass,Pass,Pass,Pass,5/5/2047,PQR Labs
294,Hafnium Plate,Metal,5,13.3,N/A,N/A,N/A,N/A,N/A,Low,No,N/A,N/A,N/A,N/A,N/A,N/A,6/15/2047,RST Safety Testing
295,Fire-Resistant Cloth,Cloth,0.2,1.2,18,85,0.3,280,1.0,Low,Yes,ASTM E84,Pass,Pass,Pass,Pass,Pass,7/20/2047,LMN Testing Co.
296,Phenolic Sheet,Plastic,2,1.3,35,180,0.7,380,4.0,High,No,ISO 11925,Fail,Fail,Pass,Fail,Fail,8/10/2047,OPQ Labs
297,Graphene Plate,Metal,1,1.9,N/A,N/A,N/A,N/A,N/A,Low,No,N/A,N/A,N/A,N/A,N/A,N/A,9/5/2047,XYZ Labs
298,Fireproof Rope,Rope,0.05,1,15,80,0.2,280,0.7,Low,Yes,ASTM E84,Pass,Pass,Pass,Pass,Pass,10/18/2047,DEF Testing Co.
299,UHMWPE Fiber,Textile,0.05,0.97,18,80,0.2,280,0.6,Low,Yes,ASTM D2898,Pass,Pass,Pass,Pass,Pass,11/30/2047,UVW Testing Services
300,Fireproof Paint Spray,Paint,0.2,1.1,18,85,0.3,280,0.7,Low,Yes,ASTM E84,Pass,Pass,Pass,Pass,Pass,12/15/2047,ABC Testing Inc.
301,Ceramic Fiber,Insulation,10,0.14,10,50,0.2,240,0.4,Low,Yes,ASTM E84,Pass,Pass,Pass,Pass,Pass,1/20/2048,PQR Labs
302,Aluminum Foil,Material,0.01,2.7,35,170,0.8,400,4.0,High,No,ISO 11925,Fail,Fail,Pass,Fail,Fail,2/28/2048,RST Safety Testing
303,Fireproof Fabric,Textile,0.3,1.3,20,95,0.3,300,1.5,Low,Yes,ASTM E84,Pass,Pass,Pass,Pass,Pass,3/10/2048,LMN Testing Co.
304,Phenolic Resin Foam,Foam,20,0.03,30,160,0.8,400,4.0,High,No,ISO 11925,Fail,Fail,Pass,Fail,Fail,4/2/2048,OPQ Labs
305,Inconel Wire,Metal,1.5,8.2,N/A,N/A,N/A,N/A,N/A,Low,No,N/A,N/A,N/A,N/A,N/A,N/A,5/5/2048,XYZ Labs
306,Fireproof Cement,Cement,25,2.8,5,35,0.1,180,0.2,Low,Yes,ASTM E84,Pass,Pass,Pass,Pass,Pass,6/15/2048,DEF Testing Co.
307,PTFE Sheet,Plastic,2,2.2,30,160,0.8,400,3.5,Medium,No,ISO 11925,Fail,Fail,Pass,Fail,Fail,7/20/2048,UVW Testing Services
308,Titanium Plate,Metal,7,4.5,N/A,N/A,N/A,N/A,N/A,Low,No,N/A,N/A,N/A,N/A,N/A,N/A,8/10/2048,ABC Testing Inc.
309,Fireproof Tape,Tape,0.05,1,18,85,0.3,280,0.7,Low,Yes,ASTM E84,Pass,Pass,Pass,Pass,Pass,9/5/2048,PQR Labs
310,Silicone Sheet,Plastic,2,1.1,30,150,0.7,380,3.0,Medium,No,ISO 11925,Fail,Fail,Pass,Fail,Fail,10/18/2048,RST Safety Testing
311,Graphite Plate,Metal,2,1.75,N/A,N/A,N/A,N/A,N/A,Low,No,N/A,N/A,N/A,N/A,N/A,N/A,11/30/2048,LMN Testing Co.
312,Fireproof Coating,Coating,0.3,0.9,12,75,0.1,260,0.5,Low,Yes,ASTM E84,Pass,Pass,Pass,Pass,Pass,12/15/2048,OPQ Labs
313,Alumina Plate,Metal,4,3.9,N/A,N/A,N/A,N/A,N/A,Low,No,N/A,N/A,N/A,N/A,N/A,N/A,1/20/2049,XYZ Labs
314,Silica Cloth,Textile,0.5,2.6,22,110,0.5,380,1.8,Low,Yes,ASTM E84,Pass,Pass,Pass,Pass,Pass,2/28/2049,DEF Testing Co.
315,Fireproof Adhesive,Adhesive,0.1,0.8,12,80,0.1,280,0.6,Low,Yes,ASTM E84,Pass,Pass,Pass,Pass,Pass,3/10/2049,UVW Testing Services
316,Nomex Tape,Tape,0.05,1,18,85,0.3,280,0.7,Low,Yes,ASTM E84,Pass,Pass,Pass,Pass,Pass,4/2/2049,ABC Testing Inc.
317,Titanium Composite Board,Board,5,4.5,25,120,0.6,350,2.8,Medium,No,ISO 11925,Pass,Pass,Pass,Pass,Pass,5/5/2049,PQR Labs
318,Hafnium Plate,Metal,5,13.3,N/A,N/A,N/A,N/A,N/A,Low,No,N/A,N/A,N/A,N/A,N/A,N/A,6/15/2049,RST Safety Testing
319,Fire-Resistant Cloth,Cloth,0.2,1.2,18,85,0.3,280,1.0,Low,Yes,ASTM E84,Pass,Pass,Pass,Pass,Pass,7/20/2049,LMN Testing Co.
320,Phenolic Sheet,Plastic,2,1.3,35,180,0.7,380,4.0,High,No,ISO 11925,Fail,Fail,Pass,Fail,Fail,8/10/2049,OPQ Labs
321,Graphene Plate,Metal,1,1.9,N/A,N/A,N/A,N/A,N/A,Low,No,N/A,N/A,N/A,N/A,N/A,N/A,9/5/2049,XYZ Labs
322,Fireproof Rope,Rope,0.05,1,15,80,0.2,280,0.7,Low,Yes,ASTM E84,Pass,Pass,Pass,Pass,Pass,10/18/2049,DEF Testing Co.
323,UHMWPE Fiber,Textile,0.05,0.97,18,80,0.2,280,0.6,Low,Yes,ASTM D2898,Pass,Pass,Pass,Pass,Pass,11/30/2049,UVW Testing Services
324,Fireproof Paint Spray,Paint,0.2,1.1,18,85,0.3,280,0.7,Low,Yes,ASTM E84,Pass,Pass,Pass,Pass,Pass,12/15/2049,ABC Testing Inc.
325,Ceramic Fiber,Insulation,10,0.14,10,50,0.2,240,0.4,Low,Yes,ASTM E84,Pass,Pass,Pass,Pass,Pass,1/20/2050,PQR Labs.
gnbt,thn,thn,tn,th,th,th,th,tnh,rwgf,ger,grr,rgr,rg,gr
gnbt,thn,thn,tn,th,th,th,th,tnh,rwgf,ger,grr,rgr,rg,gr
shreyas,yfu,ioi,tcdytt,nn,njnj,fcfygc,iojio,piphoi,poji,hgcgy,hihi,ii,nio,ibl
